{
    "items": [
        {
            "Name": "Level_1",
            "TextColor": {
                "r": 1.0,
                "g": 1.0,
                "b": 1.0,
                "a": 1.0
            },
            "FontSize": 12,
            "FontStyle": 1,
            "ImageColor": {
                "r": 0.7254902124404907,
                "g": 0.3921568989753723,
                "b": 0.3333333432674408,
                "a": 1.0
            },
            "ImageType": 0
        }
    ]
}